{"cameraMode":{"drawMode":0,"name":"Shaded","section":"Shading Mode"},"sceneLighting":true,"audioPlay":false,"sceneViewState":{"showFog":true,"showMaterialUpdate":true,"showSkybox":true,"showFlares":true,"showImageEffects":true,"showParticleSystems":true},"in2DMode":false,"pivot":{"x":10.039018630981446,"y":64.43863677978516,"z":-101.23855590820313},"rotation":{"x":0.08390001207590103,"y":-0.005978720262646675,"z":0.0005009375745430589,"w":0.9964622259140015},"size":10.90000057220459,"orthographic":false}