{"cameraMode":{"drawMode":0,"name":"Shaded","section":"Shading Mode"},"sceneLighting":false,"audioPlay":false,"sceneViewState":{"showFog":true,"showMaterialUpdate":false,"showSkybox":false,"showFlares":true,"showImageEffects":true,"showParticleSystems":true},"in2DMode":false,"pivot":{"x":9.010000228881836,"y":12.069999694824219,"z":0.0},"rotation":{"x":0.14050103724002839,"y":0.02138570323586464,"z":-0.003035916481167078,"w":0.9898488521575928},"size":0.8660253882408142,"orthographic":false}